-- phpMyAdmin SQL Dump
-- version 5.2.1
-- https://www.phpmyadmin.net/
--
-- Host: 127.0.0.1
-- Generation Time: Nov 26, 2024 at 11:35 AM
-- Server version: 10.4.32-MariaDB
-- PHP Version: 8.2.12

SET SQL_MODE = "NO_AUTO_VALUE_ON_ZERO";
START TRANSACTION;
SET time_zone = "+00:00";


/*!40101 SET @OLD_CHARACTER_SET_CLIENT=@@CHARACTER_SET_CLIENT */;
/*!40101 SET @OLD_CHARACTER_SET_RESULTS=@@CHARACTER_SET_RESULTS */;
/*!40101 SET @OLD_COLLATION_CONNECTION=@@COLLATION_CONNECTION */;
/*!40101 SET NAMES utf8mb4 */;

--
-- Database: `books`
--

-- --------------------------------------------------------

--
-- Table structure for table `admin`
--

CREATE TABLE `admin` (
  `admin_id` int(11) NOT NULL,
  `username` varchar(50) NOT NULL,
  `email` varchar(50) NOT NULL,
  `password` varchar(50) NOT NULL,
  `created_at` datetime NOT NULL,
  `update_date` datetime NOT NULL,
  `active` tinyint(4) NOT NULL
) ENGINE=InnoDB DEFAULT CHARSET=utf8mb4 COLLATE=utf8mb4_general_ci;

--
-- Dumping data for table `admin`
--

INSERT INTO `admin` (`admin_id`, `username`, `email`, `password`, `created_at`, `update_date`, `active`) VALUES
(1, 'admin', 'admin@gmail.com', 'admin123', '2024-11-23 01:35:51', '2024-11-23 01:35:51', 1);

-- --------------------------------------------------------

--
-- Table structure for table `authors`
--

CREATE TABLE `authors` (
  `authors_id` int(11) NOT NULL,
  `first_name` varchar(50) NOT NULL,
  `last_name` varchar(50) NOT NULL,
  `nationality` varchar(50) NOT NULL,
  `created_at` datetime NOT NULL,
  `update_at` datetime NOT NULL,
  `active` tinyint(4) NOT NULL
) ENGINE=InnoDB DEFAULT CHARSET=utf8mb4 COLLATE=utf8mb4_general_ci;

--
-- Dumping data for table `authors`
--

INSERT INTO `authors` (`authors_id`, `first_name`, `last_name`, `nationality`, `created_at`, `update_at`, `active`) VALUES
(1, 'test', 'one', 'italian', '2024-11-23 13:27:21', '2024-11-23 13:27:21', 0),
(2, 'Christian', 'the greate', 'kano', '2024-11-24 13:39:07', '2024-11-24 13:39:07', 1),
(3, 'John', 'Doe', 'American', '2024-11-24 16:04:09', '2024-11-24 16:04:09', 1),
(4, 'Jane', 'Smith', 'British', '2024-11-24 16:04:09', '2024-11-24 16:04:09', 1),
(5, 'Carlos', 'Garcia', 'Spanish', '2024-11-24 16:04:09', '2024-11-24 16:04:09', 1),
(6, 'Maria', 'Rodriguez', 'Mexican', '2024-11-24 16:04:09', '2024-11-24 16:04:09', 1),
(7, 'David', 'Lee', 'Canadian', '2024-11-24 16:04:09', '2024-11-24 16:04:09', 1),
(8, 'Sarah', 'Wilson', 'Australian', '2024-11-24 16:04:09', '2024-11-24 16:04:09', 1),
(9, 'Michael', 'Taylor', 'American', '2024-11-24 16:04:09', '2024-11-24 16:04:09', 1),
(10, 'Emily', 'Miller', 'British', '2024-11-24 16:04:09', '2024-11-24 16:04:09', 1),
(11, 'Joshua', 'Martinez', 'Colombian', '2024-11-24 16:04:09', '2024-11-24 16:04:09', 1),
(12, 'Jessica', 'Hernandez', 'Peruvian', '2024-11-24 16:04:09', '2024-11-24 16:04:09', 1),
(13, 'Matthew', 'Lopez', 'Spanish', '2024-11-24 16:04:09', '2024-11-24 16:04:09', 1),
(14, 'Olivia', 'Gonzalez', 'Mexican', '2024-11-24 16:04:09', '2024-11-24 16:04:09', 1),
(15, 'Ethan', 'Perez', 'Argentinian', '2024-11-24 16:04:09', '2024-11-24 16:04:09', 1),
(16, 'Sophia', 'Brown', 'Canadian', '2024-11-24 16:04:09', '2024-11-24 16:04:09', 1),
(17, 'James', 'Wilson', 'Irish', '2024-11-24 16:04:09', '2024-11-24 16:04:09', 1),
(18, 'Mia', 'Davis', 'American', '2024-11-24 16:04:09', '2024-11-24 16:04:09', 1),
(19, 'Daniel', 'Moore', 'British', '2024-11-24 16:04:09', '2024-11-24 16:04:09', 1),
(20, 'Ava', 'Anderson', 'Australian', '2024-11-24 16:04:09', '2024-11-24 16:04:09', 1),
(21, 'Lucas', 'Thomas', 'French', '2024-11-24 16:04:09', '2024-11-24 16:04:09', 1),
(22, 'Isabella', 'Jackson', 'American', '2024-11-24 16:04:09', '2024-11-24 16:04:09', 1),
(23, 'Henry', 'White', 'English', '2024-11-24 16:04:09', '2024-11-24 16:04:09', 1),
(24, 'Grace', 'Harris', 'Canadian', '2024-11-24 16:04:09', '2024-11-24 16:04:09', 1),
(25, 'Jack', 'Young', 'New Zealand', '2024-11-24 16:04:09', '2024-11-24 16:04:09', 1),
(26, 'Charlotte', 'King', 'Scottish', '2024-11-24 16:04:09', '2024-11-24 16:04:09', 1),
(27, 'William', 'Scott', 'American', '2024-11-24 16:04:09', '2024-11-24 16:04:09', 1);

-- --------------------------------------------------------

--
-- Table structure for table `books`
--

CREATE TABLE `books` (
  `book_id` int(11) NOT NULL,
  `title` varchar(255) NOT NULL,
  `published_date` date DEFAULT NULL,
  `isbn` varchar(13) DEFAULT NULL,
  `stock_quantity` int(11) DEFAULT NULL,
  `created_at` datetime NOT NULL,
  `update_at` datetime NOT NULL,
  `publisher_id` int(11) NOT NULL,
  `authors_id` int(11) NOT NULL,
  `category_id` int(11) DEFAULT NULL
) ENGINE=InnoDB DEFAULT CHARSET=utf8mb4 COLLATE=utf8mb4_general_ci;

--
-- Dumping data for table `books`
--

INSERT INTO `books` (`book_id`, `title`, `published_date`, `isbn`, `stock_quantity`, `created_at`, `update_at`, `publisher_id`, `authors_id`, `category_id`) VALUES
(0, 'The Crimson Secret', '2023-06-18', '9787788990016', 21, '2024-11-26 17:30:06', '2024-11-26 17:30:06', 22, 4, 1),
(1, 'Book 1', '2024-11-14', 'fagsrwegeba', 5, '2024-11-23 20:30:14', '2024-11-23 20:30:14', 1, 1, 2),
(2, 'Book 1.1', '2024-01-01', '1234567890', 5, '2024-11-23 21:11:42', '2024-11-23 21:11:42', 1, 1, 1),
(3, 'Book 2', '2024-01-02', '0987654321', 22, '2024-11-23 21:11:42', '2024-11-23 21:11:42', 1, 1, 1),
(4, 'Book 3', '2024-11-21', 'weergasfaweg', 25, '2024-11-23 21:12:03', '2024-11-23 21:12:03', 1, 1, 3),
(5, '5', '2024-11-01', 'WEASBSDGEsaf', 26, '2024-11-23 21:54:09', '2024-11-23 21:54:09', 1, 1, 2),
(6, 'hello', '2024-11-13', ' QWAEFG ZDCDS', 65, '2024-11-24 13:46:25', '2024-11-24 13:46:25', 1, 2, 5),
(7, 'The books', '2024-10-28', 'askhwefvhqid', 43, '2024-11-26 09:21:54', '2024-11-26 09:21:54', 7, 7, 5),
(8, 'The storm', '2021-11-03', 'sbchweqnsuywd', 23, '2024-11-26 10:17:30', '2024-11-26 10:17:30', 33, 21, 7),
(9, 'The Avnegers', '2016-11-02', 'asbhc nxkjdxh', 24, '2024-11-26 10:17:30', '2024-11-26 10:17:30', 34, 13, 2),
(10, 'Geostom', '2014-11-05', 'csdfbxs', 34, '2024-11-26 10:17:30', '2024-11-26 10:17:30', 19, 11, 1),
(11, 'The Gods', '2018-06-12', ' xzsdvaadbh ', 67, '2024-11-26 10:17:30', '2024-11-26 10:17:30', 8, 7, 6),
(12, 'Ganster', '2024-11-15', 'jXgwkxsbcn', 8, '2024-11-26 10:17:30', '2024-11-26 10:17:30', 23, 5, 2),
(13, 'The Whispering Shadows', '2023-01-15', '9781234567890', 12, '2024-11-26 17:28:30', '2024-11-26 17:28:30', 18, 1, 1),
(14, 'Echoes of the Forgotten', '2022-11-22', '9789876543210', 8, '2024-11-26 17:28:30', '2024-11-26 17:28:30', 2, 8, 2),
(15, 'The Last Voyage', '2021-05-10', '9781122334455', 15, '2024-11-26 17:28:30', '2024-11-26 17:28:30', 7, 16, 1),
(16, '', '2020-02-08', '9786677889900', 20, '2024-11-26 17:28:30', '2024-11-26 17:28:30', 1, 19, 2),
(17, 'Beyond the Iron Gate', '2024-03-01', '9785566778899', 5, '2024-11-26 17:28:30', '2024-11-26 17:28:30', 14, 20, 1),
(18, 'Fragments of Time', '2019-07-19', '9783344556677', 18, '2024-11-26 17:28:30', '2024-11-26 17:28:30', 1, 1, 1),
(19, 'The Silent Prodigy', '2018-10-05', '9782233445566', 10, '2024-11-26 17:28:30', '2024-11-26 17:28:30', 1, 4, 3),
(20, 'Under the Starlit Sky', '2023-06-12', '9787788990011', 25, '2024-11-26 17:28:30', '2024-11-26 17:28:30', 3, 27, 4),
(21, 'Winds of Eternity', '2022-08-30', '9788899001122', 30, '2024-11-26 17:28:30', '2024-11-26 17:28:30', 7, 8, 4),
(22, 'The Moonlit Masquerade', '2021-12-25', '9789900112233', 16, '2024-11-26 17:28:30', '2024-11-26 17:28:30', 13, 11, 3),
(23, 'Shadows of the Past', '2020-09-01', '9784455667788', 14, '2024-11-26 17:28:30', '2024-11-26 17:28:30', 8, 25, 5),
(24, 'The Keepers Promise', '2019-04-13', '9785566778899', 7, '2024-11-26 17:28:30', '2024-11-26 17:28:30', 1, 25, 3),
(25, 'Beneath the Ember Sky', '2024-01-01', '9786677889900', 11, '2024-11-26 17:28:30', '2024-11-26 17:28:30', 5, 22, 3),
(26, 'The Eternal Journey', '2023-09-15', '9787788990011', 13, '2024-11-26 17:28:30', '2024-11-26 17:28:30', 19, 8, 2),
(27, 'Reflections of Ice', '2022-02-28', '9789900112233', 9, '2024-11-26 17:28:30', '2024-11-26 17:28:30', 8, 21, 1),
(28, 'The Vanishing Compass', '2021-03-10', '9781122334455', 19, '2024-11-26 17:28:30', '2024-11-26 17:28:30', 21, 22, 5),
(29, 'A Symphony of Stars', '2020-11-20', '9782233445566', 22, '2024-11-26 17:28:30', '2024-11-26 17:28:30', 5, 21, 2),
(30, 'Through the Crystal Lens', '2019-05-25', '9783344556677', 18, '2024-11-26 17:28:30', '2024-11-26 17:28:30', 4, 24, 6),
(31, 'The Forgotten Codex', '2024-10-10', '9785566778899', 6, '2024-11-26 17:28:30', '2024-11-26 17:28:30', 19, 1, 1),
(32, 'Legends of the Horizon', '2023-04-19', '9786677889900', 14, '2024-11-26 17:28:30', '2024-11-26 17:28:30', 24, 15, 6),
(33, 'The Shattered Kingdom', '2021-07-15', '9781234567891', 10, '2024-11-26 17:30:06', '2024-11-26 17:30:06', 13, 20, 2),
(34, 'Whispers of the Deep', '2020-11-30', '9789876543211', 8, '2024-11-26 17:30:06', '2024-11-26 17:30:06', 25, 3, 4),
(35, 'The Hidden Fortress', '2019-01-10', '9781122334456', 15, '2024-11-26 17:30:06', '2024-11-26 17:30:06', 18, 15, 5),
(36, 'Echoes in the Mist', '2023-03-25', '9786677889901', 12, '2024-11-26 17:30:06', '2024-11-26 17:30:06', 1, 27, 5),
(37, 'The Scarlet Key', '2022-05-05', '9785566778898', 18, '2024-11-26 17:30:06', '2024-11-26 17:30:06', 19, 12, 6),
(38, 'Rising Phoenix', '2024-02-10', '9783344556678', 20, '2024-11-26 17:30:06', '2024-11-26 17:30:06', 16, 27, 2),
(39, 'The Secret Chamber', '2021-08-22', '9782233445567', 25, '2024-11-26 17:30:06', '2024-11-26 17:30:06', 2, 17, 6),
(40, 'The Emerald Conspiracy', '2020-09-11', '9787788990012', 16, '2024-11-26 17:30:06', '2024-11-26 17:30:06', 22, 8, 6),
(41, '', '2023-12-10', '9789900112234', 9, '2024-11-26 17:30:06', '2024-11-26 17:30:06', 20, 27, 4),
(42, 'The Last Ember', '2019-06-18', '9781122334457', 30, '2024-11-26 17:30:06', '2024-11-26 17:30:06', 7, 11, 2),
(43, 'The Cursed Kingdom', '2022-01-25', '9783344556679', 13, '2024-11-26 17:30:06', '2024-11-26 17:30:06', 24, 25, 5),
(44, 'Shattered Dreams', '2021-09-13', '9785566778897', 11, '2024-11-26 17:30:06', '2024-11-26 17:30:06', 6, 19, 5),
(45, 'The Firebrand Chronicles', '2020-07-17', '9786677889902', 14, '2024-11-26 17:30:06', '2024-11-26 17:30:06', 18, 3, 3),
(46, 'The Hidden Path', '2019-12-01', '9782233445568', 10, '2024-11-26 17:30:06', '2024-11-26 17:30:06', 6, 15, 1),
(47, 'Crimson Tears', '2024-03-30', '9787788990013', 16, '2024-11-26 17:30:06', '2024-11-26 17:30:06', 17, 27, 6),
(48, 'The Silent Rebellion', '2023-10-17', '9783344556680', 12, '2024-11-26 17:30:06', '2024-11-26 17:30:06', 24, 19, 5),
(49, 'The Queen’s Gambit', '2022-04-02', '9785566778896', 18, '2024-11-26 17:30:06', '2024-11-26 17:30:06', 15, 18, 4),
(50, 'Storms of Fate', '2021-11-12', '9782233445569', 20, '2024-11-26 17:30:06', '2024-11-26 17:30:06', 22, 13, 6),
(51, 'The Enchanted Forest', '2020-12-05', '9787788990014', 13, '2024-11-26 17:30:06', '2024-11-26 17:30:06', 22, 17, 4),
(52, 'In the Shadow of the Wolf', '2024-05-17', '9783344556681', 8, '2024-11-26 17:30:06', '2024-11-26 17:30:06', 9, 21, 5),
(53, 'The Silver Blade', '2023-11-08', '9782233445570', 25, '2024-11-26 17:30:06', '2024-11-26 17:30:06', 10, 17, 6),
(54, 'Wings of the Storm', '2022-02-23', '9787788990015', 17, '2024-11-26 17:30:06', '2024-11-26 17:30:06', 24, 21, 6),
(55, 'The Blood of Kings', '2021-12-30', '9785566778895', 12, '2024-11-26 17:30:06', '2024-11-26 17:30:06', 17, 8, 3),
(56, 'Into the Abyss', '2020-08-20', '9782233445571', 15, '2024-11-26 17:30:06', '2024-11-26 17:30:06', 13, 26, 2),
(57, 'The Dragon’s Curse', '2019-10-14', '9783344556682', 18, '2024-11-26 17:30:06', '2024-11-26 17:30:06', 9, 5, 6),
(58, 'Twilight of the Gods', '2021-01-05', '9782233445572', 10, '2024-11-26 17:30:06', '2024-11-26 17:30:06', 19, 3, 2),
(59, 'The Veil of Darkness', '2020-06-13', '9787788990017', 13, '2024-11-26 17:30:06', '2024-11-26 17:30:06', 8, 12, 2),
(60, 'Shadows of the Moon', '2023-07-08', '9783344556683', 12, '2024-11-26 17:30:06', '2024-11-26 17:30:06', 9, 17, 1),
(61, 'The Forgotten Queen', '2022-03-22', '9782233445573', 16, '2024-11-26 17:30:06', '2024-11-26 17:30:06', 18, 4, 4),
(62, 'Echoes of the Storm', '2021-04-19', '9787788990018', 20, '2024-11-26 17:30:06', '2024-11-26 17:30:06', 16, 5, 1),
(63, 'Chronicles of the Mystic Realm', '2023-08-12', '9781234509876', 12, '2024-11-26 17:31:16', '2024-11-26 17:31:16', 11, 1, 6),
(64, 'The Lost Kingdom', '2022-07-20', '9789876540987', 10, '2024-11-26 17:31:16', '2024-11-26 17:31:16', 6, 15, 6),
(65, 'Dance of the Phoenix', '2024-05-01', '9781122445578', 15, '2024-11-26 17:31:16', '2024-11-26 17:31:16', 9, 18, 2),
(66, 'Tales from the Abyss', '2021-03-15', '9786677880012', 8, '2024-11-26 17:31:16', '2024-11-26 17:31:16', 15, 26, 6),
(67, 'Secrets of the Ancient Sands', '2019-06-09', '9783344559988', 22, '2024-11-26 17:31:16', '2024-11-26 17:31:16', 2, 11, 5),
(68, 'The Alchemist’s Dilemma', '2023-11-23', '9785566779988', 18, '2024-11-26 17:31:16', '2024-11-26 17:31:16', 11, 23, 6),
(69, 'Guardians of the Forsaken Path', '2020-08-17', '9788899001122', 6, '2024-11-26 17:31:16', '2024-11-26 17:31:16', 5, 2, 5),
(70, 'Frost and Flame', '2024-01-30', '9789900113344', 9, '2024-11-26 17:31:16', '2024-11-26 17:31:16', 24, 3, 5),
(71, 'The Enchanted Mirror', '2022-09-18', '9782233447788', 12, '2024-11-26 17:31:16', '2024-11-26 17:31:16', 13, 5, 3),
(72, 'Requiem for the Fallen', '0000-00-00', '9784455668899', 20, '2024-11-26 17:31:16', '2024-11-26 17:31:16', 13, 6, 4),
(73, 'Beneath the Crimson Veil', '2021-10-15', '9783344556677', 25, '2024-11-26 17:31:16', '2024-11-26 17:31:16', 1, 13, 3),
(74, 'A Journey Beyond the Stars', '2019-04-22', '9781122331123', 30, '2024-11-26 17:31:16', '2024-11-26 17:31:16', 12, 1, 5),
(75, 'The Serpent’s Gambit', '2023-07-07', '9787788999988', 17, '2024-11-26 17:31:16', '2024-11-26 17:31:16', 1, 17, 6),
(76, 'The Forgotten Chronicles', '2022-06-13', '9785566775566', 10, '2024-11-26 17:31:16', '2024-11-26 17:31:16', 1, 7, 2),
(77, 'Veil of the Eternal Moon', '2020-12-25', '9788899002233', 14, '2024-11-26 17:31:16', '2024-11-26 17:31:16', 4, 5, 3),
(78, 'Whispers in the Forest', '2024-08-01', '9789900114455', 18, '2024-11-26 17:31:16', '2024-11-26 17:31:16', 8, 10, 6),
(79, 'Threads of Destiny', '2023-05-14', '9781122446677', 8, '2024-11-26 17:31:16', '2024-11-26 17:31:16', 11, 12, 5),
(80, 'Into the Dreamscape', '2019-11-03', '9782233445566', 15, '2024-11-26 17:31:16', '2024-11-26 17:31:16', 21, 17, 4),
(81, 'Eclipse of the Twin Suns', '2021-09-09', '9783344551123', 19, '2024-11-26 17:31:16', '2024-11-26 17:31:16', 2, 16, 5),
(82, 'The Keeper’s Heirloom', '2022-03-20', '9786677883344', 21, '2024-11-26 17:31:16', '2024-11-26 17:31:16', 25, 16, 6),
(83, 'Wings of the Sapphire Phoenix', '2024-02-05', '9787788994455', 9, '2024-11-26 17:31:16', '2024-11-26 17:31:16', 5, 24, 5),
(84, 'Song of the Starborn', '2020-10-18', '9781122337788', 11, '2024-11-26 17:31:16', '2024-11-26 17:31:16', 16, 11, 2),
(85, 'The Forgotten Relic', '2023-01-12', '9782233448899', 20, '2024-11-26 17:31:16', '2024-11-26 17:31:16', 2, 16, 5),
(86, 'Betrayal in the Highlands', '2021-08-22', '9786677885566', 17, '2024-11-26 17:31:16', '2024-11-26 17:31:16', 24, 11, 2),
(87, 'Echoes of the Infinite', '2022-11-30', '9785566771122', 24, '2024-11-26 17:31:16', '2024-11-26 17:31:16', 26, 4, 5),
(88, 'Rise of the Shadowborn', '2023-09-04', '9787788996677', 13, '2024-11-26 17:31:16', '2024-11-26 17:31:16', 18, 25, 4),
(89, 'The Timekeeper’s Curse', '2020-05-17', '9781122333344', 28, '2024-11-26 17:31:16', '2024-11-26 17:31:16', 23, 19, 6),
(90, 'Guardians of the Golden Flame', '2024-03-25', '9788899004455', 5, '2024-11-26 17:31:16', '2024-11-26 17:31:16', 16, 4, 6),
(91, 'The Sapphire Empress', '2023-04-10', '9789900115566', 15, '2024-11-26 17:31:16', '2024-11-26 17:31:16', 25, 2, 4),
(92, 'Chronicles of the Eternal King', '2022-07-19', '9783344558899', 18, '2024-11-26 17:31:16', '2024-11-26 17:31:16', 15, 4, 1),
(93, 'The Eternal Flame', '2022-09-14', '9781122334459', 25, '2024-11-26 17:33:10', '2024-11-26 17:33:10', 10, 11, 6),
(94, 'The Shadow Prince', '2023-01-11', '9783344556684', 18, '2024-11-26 17:33:10', '2024-11-26 17:33:10', 9, 23, 2),
(95, 'The Forgotten Talisman', '2021-03-20', '9787788990019', 22, '2024-11-26 17:33:10', '2024-11-26 17:33:10', 24, 20, 5),
(96, 'Rise of the Crimson Sun', '0000-00-00', '9782233445574', 19, '2024-11-26 17:33:10', '2024-11-26 17:33:10', 26, 11, 1),
(97, 'The Glass Tower', '2020-10-31', '9785566778894', 11, '2024-11-26 17:33:10', '2024-11-26 17:33:10', 25, 19, 3),
(98, 'Winds of Destiny', '2022-08-19', '9786677889903', 14, '2024-11-26 17:33:10', '2024-11-26 17:33:10', 13, 26, 2),
(99, 'The Serpent’s Eye', '2023-05-28', '9787788990020', 16, '2024-11-26 17:33:10', '2024-11-26 17:33:10', 6, 14, 6),
(100, 'The Cursed Heir', '2024-02-17', '9783344556685', 13, '2024-11-26 17:33:10', '2024-11-26 17:33:10', 22, 16, 3),
(102, 'Beneath the Crystal Sea', '2021-07-02', '9782233445575', 30, '2024-11-26 17:33:10', '2024-11-26 17:33:10', 7, 27, 2),
(103, 'Fury of the Storm', '2020-12-25', '9785566778893', 20, '2024-11-26 17:33:10', '2024-11-26 17:33:10', 5, 5, 2),
(104, 'The Mystic’s Veil', '2019-11-14', '9781122334460', 9, '2024-11-26 17:33:10', '2024-11-26 17:33:10', 26, 27, 1),
(105, 'Legacy of the Fallen', '2023-09-21', '9783344556686', 17, '2024-11-26 17:33:10', '2024-11-26 17:33:10', 9, 13, 2),
(106, 'The Broken Crown', '2022-05-29', '9787788990021', 12, '2024-11-26 17:33:10', '2024-11-26 17:33:10', 26, 2, 3),
(107, 'The Whispering Forest', '2021-02-15', '9782233445576', 15, '2024-11-26 17:33:10', '2024-11-26 17:33:10', 24, 7, 4),
(108, 'Call of the Black Sun', '2020-04-18', '9785566778892', 10, '2024-11-26 17:33:10', '2024-11-26 17:33:10', 2, 15, 4),
(109, 'The Forgotten Realms', '2024-01-10', '9786677889904', 28, '2024-11-26 17:33:10', '2024-11-26 17:33:10', 13, 13, 6),
(110, 'The Dragon’s Lament', '2019-03-30', '9787788990022', 14, '2024-11-26 17:33:10', '2024-11-26 17:33:10', 14, 15, 2),
(111, 'The Empress’s Curse', '2023-08-24', '9783344556687', 22, '2024-11-26 17:33:10', '2024-11-26 17:33:10', 9, 2, 3),
(112, 'Heart of the Beast', '2022-06-12', '9782233445577', 18, '2024-11-26 17:33:10', '2024-11-26 17:33:10', 18, 5, 5),
(113, 'Shadows Over Avalon', '2021-10-03', '9785566778891', 12, '2024-11-26 17:33:10', '2024-11-26 17:33:10', 17, 21, 6);

-- --------------------------------------------------------

--
-- Table structure for table `categories`
--

CREATE TABLE `categories` (
  `category_id` int(11) NOT NULL,
  `genre` varchar(50) NOT NULL,
  `created_at` datetime NOT NULL,
  `update_at` datetime NOT NULL,
  `active` tinyint(4) NOT NULL
) ENGINE=InnoDB DEFAULT CHARSET=utf8mb4 COLLATE=utf8mb4_general_ci;

--
-- Dumping data for table `categories`
--

INSERT INTO `categories` (`category_id`, `genre`, `created_at`, `update_at`, `active`) VALUES
(1, 'Sci-fi', '2024-11-23 14:27:38', '2024-11-23 14:27:38', 1),
(2, 'Action', '2024-11-23 14:27:38', '2024-11-23 14:27:38', 1),
(3, 'Fantasy', '2024-11-23 14:29:45', '2024-11-23 14:29:45', 1),
(4, 'Adventure', '2024-11-23 14:29:58', '2024-11-23 14:29:58', 1),
(5, 'Romance', '2024-11-23 14:30:11', '2024-11-23 14:30:11', 1),
(6, 'Horror', '2024-11-23 14:30:45', '2024-11-23 14:30:45', 1),
(7, 'Mystery', '2024-11-23 14:31:00', '2024-11-23 14:31:00', 1);

-- --------------------------------------------------------

--
-- Table structure for table `publishers`
--

CREATE TABLE `publishers` (
  `publisher_id` int(11) NOT NULL,
  `name` varchar(100) NOT NULL,
  `address` text DEFAULT NULL,
  `contact` varchar(50) DEFAULT NULL,
  `stablish_year` year(4) NOT NULL,
  `created_at` datetime NOT NULL,
  `update_at` datetime NOT NULL,
  `active` tinyint(4) NOT NULL
) ENGINE=InnoDB DEFAULT CHARSET=utf8mb4 COLLATE=utf8mb4_general_ci;

--
-- Dumping data for table `publishers`
--

INSERT INTO `publishers` (`publisher_id`, `name`, `address`, `contact`, `stablish_year`, `created_at`, `update_at`, `active`) VALUES
(1, 'Publisher1', 'Jan lang', '090000909', '1995', '2024-11-23 13:28:09', '2024-11-23 13:28:09', 0),
(2, 'John Doe', 'Masinloc', '12324435', '1950', '2024-11-24 13:39:43', '2024-11-24 13:39:43', 1),
(3, 'IKay', 'San Juan', '0976354127', '1950', '2024-11-24 08:43:27', '2024-11-24 08:43:27', 0),
(4, 'Sue', 'Bonifacioa', '091239876', '2018', '2024-11-24 08:43:27', '2024-11-24 08:43:27', 1),
(5, 'Shheesh', 'QC', '0930986278', '2000', '2024-11-24 08:43:27', '2024-11-24 08:43:27', 1),
(6, 'Sus', 'N.Y', '095632386', '2003', '2024-11-24 08:48:22', '2024-11-24 08:48:22', 1),
(7, 'Group', 'Tokyo', '097623674', '1960', '2024-11-24 08:48:22', '2024-11-24 08:48:22', 1),
(8, 'Sir', '2001 street', '090763753', '2021', '2024-11-24 08:48:22', '2024-11-24 08:48:22', 1),
(9, 'Uno', 'Stio Tabi-Tabi', '090872653', '2020', '2024-11-24 08:48:22', '2024-11-24 08:48:22', 1),
(10, 'Lang', 'San Banda Street', '090089023', '2004', '2024-11-24 08:48:22', '2024-11-24 08:48:22', 0),
(11, 'Leaf Itc.', 'Dikanaya', '097653409', '1990', '2024-11-24 08:48:22', '2024-11-24 08:48:22', 0),
(12, 'Kopya G.', 'Stio kinulang', '0909287356', '1980', '2024-11-24 08:48:22', '2024-11-24 08:48:22', 0),
(13, 'DataBase MySql', 'Room 1', '09873522893', '2009', '2024-11-24 08:48:22', '2024-11-24 08:48:22', 1),
(14, 'Hannah G', 'Bahala kana', '0990125372', '2003', '2024-11-24 08:48:22', '2024-11-24 08:48:22', 1),
(15, 'Last Day inc.', 'Kanto kinulang sa grade', '0902029876', '2005', '2024-11-24 08:48:22', '2024-11-24 08:48:22', 1),
(16, 'HarperCollins', '195 Broadway, New York, NY 10007, USA', '1-800-242-7737', '1989', '2024-11-24 16:25:40', '2024-11-24 16:25:40', 1),
(17, 'Penguin Random House', '1745 Broadway, New York, NY 10019, USA', '1-800-847-5515', '2013', '2024-11-24 16:25:40', '2024-11-24 16:25:40', 1),
(18, 'Macmillan Publishers', '120 Broadway, New York, NY 10271, USA', '1-800-221-7945', '0000', '2024-11-24 16:25:40', '2024-11-24 16:25:40', 1),
(19, 'Simon & Schuster', '1230 Avenue of the Americas, New York, NY 10020, USA', '1-800-223-2336', '1924', '2024-11-24 16:25:40', '2024-11-24 16:25:40', 1),
(20, 'Hachette Book Group', '1290 Avenue of the Americas, New York, NY 10104, USA', '1-800-759-0190', '2006', '2024-11-24 16:25:40', '2024-11-24 16:25:40', 1),
(21, 'Pearson Education', '80 Strand, London, WC2R 0RL, UK', '44-20-7010-2000', '0000', '2024-11-24 16:25:40', '2024-11-24 16:25:40', 1),
(22, 'Oxford University Press', 'Great Clarendon Street, Oxford, OX2 6DP, UK', '44-1865-556767', '0000', '2024-11-24 16:25:40', '2024-11-24 16:25:40', 1),
(23, 'Bloomsbury Publishing', '50 Bedford Square, London, WC1B 3DP, UK', '44-20-7631-5600', '1986', '2024-11-24 16:25:40', '2024-11-24 16:25:40', 1),
(24, 'Scholastic Corporation', '557 Broadway, New York, NY 10012, USA', '1-800-724-6527', '1920', '2024-11-24 16:25:40', '2024-11-24 16:25:40', 1),
(25, 'Harvard University Press', '79 Garden Street, Cambridge, MA 02138, USA', '1-800-405-1619', '1913', '2024-11-24 16:25:40', '2024-11-24 16:25:40', 1),
(26, 'Wiley', '111 River Street, Hoboken, NJ 07030, USA', '1-877-762-2974', '0000', '2024-11-24 16:25:40', '2024-11-24 16:25:40', 1),
(27, 'Springer Nature', 'Heerstrasse 13, 14052 Berlin, Germany', '49-30-827874-0', '0000', '2024-11-24 16:25:40', '2024-11-24 16:25:40', 1),
(28, 'Routledge', '2 Park Square, Milton Park, Abingdon, OX14 4RN, UK', '44-20-7017-6000', '0000', '2024-11-24 16:25:40', '2024-11-24 16:25:40', 1),
(29, 'Cambridge University Press', 'One Liberty Plaza, 20th Floor, New York, NY 10006, USA', '1-800-872-7423', '0000', '2024-11-24 16:25:40', '2024-11-24 16:25:40', 1),
(30, 'Elsevier', 'Radarweg 29, 1043 NX Amsterdam, Netherlands', '31-20-485-3737', '0000', '2024-11-24 16:25:40', '2024-11-24 16:25:40', 1),
(31, 'Taylor & Francis', '4 Park Square, Milton Park, Abingdon, OX14 4RN, UK', '44-20-7017-6000', '0000', '2024-11-24 16:25:40', '2024-11-24 16:25:40', 1),
(32, 'McGraw-Hill Education', '2 Penn Plaza, New York, NY 10121, USA', '1-800-334-7344', '0000', '2024-11-24 16:25:40', '2024-11-24 16:25:40', 1),
(33, 'IDG Books Worldwide', '501 Boylston Street, Boston, MA 02116, USA', '1-800-448-5665', '1995', '2024-11-24 16:25:40', '2024-11-24 16:25:40', 1),
(34, 'W.W. Norton & Company', '500 Fifth Avenue, New York, NY 10110, USA', '1-800-233-4830', '1923', '2024-11-24 16:25:40', '2024-11-24 16:25:40', 1),
(35, 'Cengage Learning', '27500 Drake Road, Farmington Hills, MI 48331, USA', '1-800-354-9706', '2007', '2024-11-24 16:25:40', '2024-11-24 16:25:40', 1),
(36, 'Kogan Page', '45 Gee Street, London, EC1V 3RS, UK', '44-20-7847-9500', '1967', '2024-11-24 16:25:40', '2024-11-24 16:25:40', 1);

-- --------------------------------------------------------

--
-- Table structure for table `restocks`
--

CREATE TABLE `restocks` (
  `restock_id` int(11) NOT NULL,
  `supplier_id` int(11) NOT NULL,
  `admin_id` int(11) DEFAULT NULL,
  `restock_date` timestamp NOT NULL DEFAULT current_timestamp(),
  `total_amount` decimal(10,2) DEFAULT NULL,
  `updateDate` datetime NOT NULL
) ENGINE=InnoDB DEFAULT CHARSET=utf8mb4 COLLATE=utf8mb4_general_ci;

--
-- Dumping data for table `restocks`
--

INSERT INTO `restocks` (`restock_id`, `supplier_id`, `admin_id`, `restock_date`, `total_amount`, `updateDate`) VALUES
(1, 1, 1, '2024-11-23 14:12:49', 5000.00, '2024-11-23 15:12:31'),
(2, 2, 1, '2024-11-24 08:08:54', 100000.00, '2024-11-24 16:08:54'),
(3, 3, 1, '2024-11-24 08:33:05', 21346447.00, '2024-11-24 16:33:05'),
(4, 4, 1, '2024-11-24 08:34:34', 2231.00, '2024-11-24 16:34:34'),
(5, 5, 1, '2024-11-24 08:34:47', 2451456.00, '2024-11-24 16:34:47'),
(6, 6, 1, '2024-11-24 08:34:58', 28799.99, '2024-11-24 16:34:58'),
(7, 7, 1, '2024-11-24 08:35:16', 1235331.00, '2024-11-24 16:35:16'),
(8, 8, 1, '2024-11-24 08:35:29', 34526.00, '2024-11-24 16:35:29'),
(9, 9, 1, '2024-11-24 08:36:06', 1435457.00, '2024-11-24 16:36:06'),
(10, 10, 1, '2024-11-26 01:16:43', 23456.00, '2024-11-26 09:16:43'),
(12, 11, 1, '2024-11-26 02:00:58', 7877.00, '2024-11-26 03:00:17'),
(13, 12, 1, '2024-11-26 02:00:58', 34567.00, '2024-11-26 03:00:17'),
(14, 13, 1, '2024-11-26 10:23:29', 2231.00, '2024-11-26 11:23:14'),
(15, 14, 1, '2024-11-26 10:23:29', 12342.00, '2024-11-26 11:23:14'),
(16, 15, 1, '2024-11-26 10:23:29', 567348.00, '2024-11-26 11:23:14'),
(17, 16, 1, '2024-11-26 10:23:29', 3456782.00, '2024-11-26 11:23:14'),
(18, 17, 1, '2024-11-26 10:23:29', 246739.00, '2024-11-26 11:23:14'),
(19, 18, 1, '2024-11-26 10:23:29', 53678.00, '2024-11-26 11:23:14'),
(20, 19, 1, '2024-11-26 10:23:29', 673945.00, '2024-11-26 11:23:14'),
(21, 20, 1, '2024-11-26 10:23:29', 98726.00, '2024-11-26 11:23:14'),
(22, 21, 1, '2024-11-26 10:23:29', 826374.00, '2024-11-26 11:23:14'),
(23, 22, 1, '2024-11-26 10:23:29', 3526378.00, '2024-11-26 11:23:14'),
(24, 23, 1, '2024-11-26 10:23:29', 123567.00, '2024-11-26 11:23:14'),
(25, 24, 1, '2024-11-26 10:23:29', 126783.00, '2024-11-26 11:23:14'),
(26, 25, 1, '2024-11-26 10:23:29', 345478.00, '2024-11-26 11:23:14'),
(27, 26, 1, '2024-11-26 10:23:29', 234633.00, '2024-11-26 11:23:14'),
(28, 27, 1, '2024-11-26 10:27:31', 9873.00, '2024-11-26 11:27:30'),
(29, 28, 1, '2024-11-26 10:27:31', 234567.00, '2024-11-26 11:27:30');

-- --------------------------------------------------------

--
-- Table structure for table `restock_details`
--

CREATE TABLE `restock_details` (
  `restock_detail_id` int(11) NOT NULL,
  `restock_id` int(11) NOT NULL,
  `price_per_unit` decimal(10,2) DEFAULT NULL,
  `created_at` datetime NOT NULL,
  `update_at` datetime NOT NULL,
  `publisher_id` int(11) NOT NULL,
  `book_id` int(11) NOT NULL
) ENGINE=InnoDB DEFAULT CHARSET=utf8mb4 COLLATE=utf8mb4_general_ci;

--
-- Dumping data for table `restock_details`
--

INSERT INTO `restock_details` (`restock_detail_id`, `restock_id`, `price_per_unit`, `created_at`, `update_at`, `publisher_id`, `book_id`) VALUES
(1, 1, 700.00, '2024-11-23 15:23:29', '2024-11-23 15:23:29', 1, 1),
(2, 2, 550.00, '2024-11-24 10:45:08', '2024-11-24 10:45:08', 2, 2),
(3, 3, 600.00, '2024-11-24 10:45:08', '2024-11-24 10:45:08', 3, 3),
(4, 4, 550.00, '2024-11-24 10:47:34', '2024-11-24 10:47:34', 4, 4),
(5, 5, 600.00, '2024-11-24 10:47:34', '2024-11-24 10:47:34', 5, 5),
(6, 6, 550.00, '2024-11-26 09:15:31', '2024-11-26 09:15:31', 6, 6);

-- --------------------------------------------------------

--
-- Table structure for table `sales`
--

CREATE TABLE `sales` (
  `sales_id` int(11) NOT NULL,
  `user_id` int(11) NOT NULL,
  `purchase_date` timestamp NOT NULL DEFAULT current_timestamp(),
  `total_amount` decimal(10,2) DEFAULT NULL,
  `stock_quantity` varchar(100) NOT NULL,
  `updateDate` datetime NOT NULL,
  `active` tinyint(4) NOT NULL,
  `book_id` int(11) NOT NULL
) ENGINE=InnoDB DEFAULT CHARSET=utf8mb4 COLLATE=utf8mb4_general_ci;

--
-- Dumping data for table `sales`
--

INSERT INTO `sales` (`sales_id`, `user_id`, `purchase_date`, `total_amount`, `stock_quantity`, `updateDate`, `active`, `book_id`) VALUES
(1, 1, '2024-11-24 10:50:38', 700.00, '1', '0000-00-00 00:00:00', 0, 1),
(2, 1, '2024-11-26 01:19:48', 1100.00, '2', '0000-00-00 00:00:00', 0, 6),
(3, 1, '2024-11-26 01:19:52', 600.00, '1', '0000-00-00 00:00:00', 0, 5);

-- --------------------------------------------------------

--
-- Table structure for table `suppliers`
--

CREATE TABLE `suppliers` (
  `supplier_id` int(11) NOT NULL,
  `name` varchar(100) NOT NULL,
  `contact` varchar(50) DEFAULT NULL,
  `address` text DEFAULT NULL,
  `created_at` datetime NOT NULL,
  `update_at` datetime NOT NULL,
  `active` tinyint(4) NOT NULL
) ENGINE=InnoDB DEFAULT CHARSET=utf8mb4 COLLATE=utf8mb4_general_ci;

--
-- Dumping data for table `suppliers`
--

INSERT INTO `suppliers` (`supplier_id`, `name`, `contact`, `address`, `created_at`, `update_at`, `active`) VALUES
(1, 'agwrh', '1122343', 'cv ercz', '2024-11-23 14:09:10', '2024-11-23 14:09:10', 1),
(2, 'Jaed', '0912346829', 'Doon daw', '2024-11-24 13:52:10', '2024-11-24 13:52:10', 1),
(3, 'Cabreros', '09120987635', 'doon lang', '2024-11-24 13:56:12', '2024-11-24 13:56:12', 1),
(4, 'Acme Industries', '123-456-7890', '123 Acme St, City, Country', '2024-11-24 16:02:35', '2024-11-24 16:02:35', 1),
(5, 'Beta Supply Co.', '234-567-8901', '234 Beta Rd, City, Country', '2024-11-24 16:02:35', '2024-11-24 16:02:35', 1),
(6, 'Global Traders Ltd.', '345-678-9012', '345 Global Ave, City, Country', '2024-11-24 16:02:35', '2024-11-24 16:02:35', 1),
(7, 'Bright Horizon Supplies', '456-789-0123', '456 Horizon Blvd, City, Country', '2024-11-24 16:02:35', '2024-11-24 16:02:35', 1),
(8, 'Zenith Materials', '567-890-1234', '567 Zenith Ln, City, Country', '2024-11-24 16:02:35', '2024-11-24 16:02:35', 1),
(9, 'Prime Tech Distributors', '678-901-2345', '678 Prime Rd, City, Country', '2024-11-24 16:02:35', '2024-11-24 16:02:35', 1),
(10, 'Apex Logistics', '789-012-3456', '789 Apex Blvd, City, Country', '2024-11-24 16:02:35', '2024-11-24 16:02:35', 1),
(11, 'Horizon Supply Group', '890-123-4567', '890 Horizon St, City, Country', '2024-11-24 16:02:35', '2024-11-24 16:02:35', 1),
(12, 'Stellar Goods Corp.', '901-234-5678', '901 Stellar Ave, City, Country', '2024-11-24 16:02:35', '2024-11-24 16:02:35', 1),
(13, 'Evergreen Enterprises', '012-345-6789', '012 Evergreen Ln, City, Country', '2024-11-24 16:02:35', '2024-11-24 16:02:35', 1),
(14, 'Summit Supplies Inc.', '123-456-7891', '123 Summit Rd, City, Country', '2024-11-24 16:02:35', '2024-11-24 16:02:35', 1),
(15, 'Vanguard Solutions', '234-567-8902', '234 Vanguard Blvd, City, Country', '2024-11-24 16:02:35', '2024-11-24 16:02:35', 1),
(16, 'NovaTech Solutions', '345-678-9013', '345 NovaTech Ave, City, Country', '2024-11-24 16:02:35', '2024-11-24 16:02:35', 1),
(17, 'Silverstone Traders', '456-789-0124', '456 Silverstone St, City, Country', '2024-11-24 16:02:35', '2024-11-24 16:02:35', 1),
(18, 'Royal Goods Supply', '567-890-1235', '567 Royal Rd, City, Country', '2024-11-24 16:02:35', '2024-11-24 16:02:35', 1),
(19, 'Pinnacle Resources', '678-901-2346', '678 Pinnacle Blvd, City, Country', '2024-11-24 16:02:35', '2024-11-24 16:02:35', 1),
(20, 'Crestfield Distributors', '789-012-3457', '789 Crestfield Ln, City, Country', '2024-11-24 16:02:35', '2024-11-24 16:02:35', 1),
(21, 'BlueSky Enterprises', '890-123-4568', '890 BlueSky Ave, City, Country', '2024-11-24 16:02:35', '2024-11-24 16:02:35', 1),
(22, 'Elite Global Trading', '901-234-5679', '901 Elite Rd, City, Country', '2024-11-24 16:02:35', '2024-11-24 16:02:35', 1),
(23, 'Quantum Supplies', '012-345-6790', '012 Quantum Blvd, City, Country', '2024-11-24 16:02:35', '2024-11-24 16:02:35', 1),
(24, 'Cascade Ventures', '123-456-7892', '123 Cascade Ln, City, Country', '2024-11-24 16:02:35', '2024-11-24 16:02:35', 1),
(25, 'Titan Goods Supply', '234-567-8903', '234 Titan St, City, Country', '2024-11-24 16:02:35', '2024-11-24 16:02:35', 1),
(26, 'Sapphire Logistics', '345-678-9014', '345 Sapphire Ave, City, Country', '2024-11-24 16:02:35', '2024-11-24 16:02:35', 1),
(27, 'Redwood Trade Partners', '456-789-0125', '456 Redwood Rd, City, Country', '2024-11-24 16:02:35', '2024-11-24 16:02:35', 1),
(28, 'Legacy Trading Co.', '567-890-1236', '567 Legacy Blvd, City, Country', '2024-11-24 16:02:35', '2024-11-24 16:02:35', 1);

-- --------------------------------------------------------

--
-- Table structure for table `users`
--

CREATE TABLE `users` (
  `user_id` int(11) NOT NULL,
  `username` varchar(100) NOT NULL,
  `email` varchar(50) NOT NULL,
  `password` varchar(255) NOT NULL,
  `created_at` datetime NOT NULL DEFAULT current_timestamp(),
  `updateDate` datetime NOT NULL,
  `active` tinyint(4) NOT NULL
) ENGINE=InnoDB DEFAULT CHARSET=utf8mb4 COLLATE=utf8mb4_general_ci;

--
-- Dumping data for table `users`
--

INSERT INTO `users` (`user_id`, `username`, `email`, `password`, `created_at`, `updateDate`, `active`) VALUES
(1, 'kyu', 'kyu@gmail.com', 'abcd123', '2024-11-23 09:05:18', '2024-11-23 09:05:18', 1),
(2, 'johndoe', 'john@gmail.com', 'a123', '2024-11-23 18:58:11', '2024-11-23 18:58:11', 0),
(3, 'AliceD', 'alice.d@example.com', 'F@r9vQ3wZ', '2024-11-24 16:15:29', '2024-11-24 16:15:29', 0),
(4, 'BobL', 'bob.l@example.com', 'Tp6xD9gQ', '2024-11-24 16:15:29', '2024-11-24 16:15:29', 0),
(5, 'CharlieM', 'charlie.m@example.com', 'Km2eW7pX', '2024-11-24 16:15:29', '2024-11-24 16:15:29', 0),
(6, 'DavidR', 'david.r@example.com', 'Lk8fP1sY', '2024-11-24 16:15:29', '2024-11-24 16:15:29', 0),
(7, 'EvaT', 'eva.t@example.com', 'Zp3BvL5k', '2024-11-24 16:15:29', '2024-11-24 16:15:29', 0),
(8, 'FrankH', 'frank.h@example.com', 'Wz1QkP7s', '2024-11-24 16:15:29', '2024-11-24 16:15:29', 0),
(9, 'GraceJ', 'grace.j@example.com', 'Lt5yS8bX', '2024-11-24 16:15:29', '2024-11-24 16:15:29', 0),
(10, 'HannahK', 'hannah.k@example.com', 'S9h0oP5n', '2024-11-24 16:15:29', '2024-11-24 16:15:29', 0),
(11, 'IsaacL', 'isaac.l@example.com', 'Vj4ZyQ3o', '2024-11-24 16:15:29', '2024-11-24 16:15:29', 0),
(12, 'JackM', 'jack.m@example.com', 'Pf7XvZ2w', '2024-11-24 16:15:29', '2024-11-24 16:15:29', 0),
(13, 'KatherineN', 'katherine.n@example.com', 'Mu8yB3oP', '2024-11-24 16:15:29', '2024-11-24 16:15:29', 0),
(14, 'LeoO', 'leo.o@example.com', 'Gs2HfW9q', '2024-11-24 16:15:29', '2024-11-24 16:15:29', 0),
(15, 'MasonP', 'mason.p@example.com', 'Qd1LmA7z', '2024-11-24 16:15:29', '2024-11-24 16:15:29', 0),
(16, 'NinaQ', 'nina.q@example.com', 'Hk9Fs5Zr', '2024-11-24 16:15:29', '2024-11-24 16:15:29', 0),
(17, 'OscarR', 'oscar.r@example.com', 'Tn0Gw6xY', '2024-11-24 16:15:29', '2024-11-24 16:15:29', 0),
(18, 'PaigeS', 'paige.s@example.com', 'Op5Zy1lR', '2024-11-24 16:15:29', '2024-11-24 16:15:29', 0),
(19, 'QuinnT', 'quinn.t@example.com', 'Fu8XsA0b', '2024-11-24 16:15:29', '2024-11-24 16:15:29', 0),
(20, 'RachelU', 'rachel.u@example.com', 'Bz2VxF3k', '2024-11-24 16:15:29', '2024-11-24 16:15:29', 0),
(21, 'SamuelV', 'samuel.v@example.com', 'Lq1HbX6u', '2024-11-24 16:15:29', '2024-11-24 16:15:29', 0),
(22, 'TinaW', 'tina.w@example.com', 'Zd7SxP2b', '2024-11-24 16:15:29', '2024-11-24 16:15:29', 0),
(23, 'UlyssesX', 'ulysses.x@example.com', 'Km3Lo9Yf', '2024-11-24 16:15:29', '2024-11-24 16:15:29', 0),
(24, 'VeraY', 'vera.y@example.com', 'Jx1OoQ4l', '2024-11-24 16:15:29', '2024-11-24 16:15:29', 0),
(25, 'WalterZ', 'walter.z@example.com', 'Wr7VzT3k', '2024-11-24 16:15:29', '2024-11-24 16:15:29', 0),
(26, 'XanderA', 'xander.a@example.com', 'Dz2PuY9x', '2024-11-24 16:15:29', '2024-11-24 16:15:29', 0),
(27, 'YvonneB', 'yvonne.b@example.com', 'Jt3Pf2dQ', '2024-11-24 16:15:29', '2024-11-24 16:15:29', 0),
(28, 'ZachC', 'zach.c@example.com', 'Gr9BfS5e', '2024-11-24 16:15:29', '2024-11-24 16:15:29', 0),
(29, 'AmeliaD', 'amelia.d@example.com', 'S8RrKm5Q', '2024-11-24 16:15:29', '2024-11-24 16:15:29', 0),
(30, 'BlakeE', 'blake.e@example.com', 'Jz4GvF2s', '2024-11-24 16:15:29', '2024-11-24 16:15:29', 0),
(31, 'CleoF', 'cleo.f@example.com', 'Hp1GtX6o', '2024-11-24 16:15:29', '2024-11-24 16:15:29', 0),
(32, 'DylanG', 'dylan.g@example.com', 'Rr9ZtW3a', '2024-11-24 16:15:29', '2024-11-24 16:15:29', 0),
(33, 'EllaH', 'ella.h@example.com', 'Xs3Jk8pY', '2024-11-24 16:15:29', '2024-11-24 16:15:29', 0),
(34, 'FelixI', 'felix.i@example.com', 'Lv1YqM7z', '2024-11-24 16:15:29', '2024-11-24 16:15:29', 0),
(35, 'GinaJ', 'gina.j@example.com', 'Nf9HkW4s', '2024-11-24 16:15:29', '2024-11-24 16:15:29', 0),
(36, 'HarryK', 'harry.k@example.com', 'Aj6Nb2Fv', '2024-11-24 16:15:29', '2024-11-24 16:15:29', 0),
(37, 'IvyL', 'ivy.l@example.com', 'Cw3NsF1r', '2024-11-24 16:15:29', '2024-11-24 16:15:29', 0),
(38, 'JamesM', 'james.m@example.com', 'Bt8QrZ4s', '2024-11-24 16:15:29', '2024-11-24 16:15:29', 0),
(39, 'KimN', 'kim.n@example.com', 'Nr5Gp0Yl', '2024-11-24 16:15:29', '2024-11-24 16:15:29', 0),
(40, 'LeoO', 'leo.o@example.com', 'Lw4Xz8tQ', '2024-11-24 16:15:29', '2024-11-24 16:15:29', 0),
(41, 'MayaP', 'maya.p@example.com', 'Rq2GhK7d', '2024-11-24 16:15:29', '2024-11-24 16:15:29', 0),
(42, 'NateQ', 'nate.q@example.com', 'Go9Xs2Bv', '2024-11-24 16:15:29', '2024-11-24 16:15:29', 0),
(43, 'OliviaR', 'olivia.r@example.com', 'Yh1Hj8Fp', '2024-11-24 16:15:29', '2024-11-24 16:15:29', 0),
(44, 'PaulS', 'paul.s@example.com', 'Zt5Fq7Kj', '2024-11-24 16:15:29', '2024-11-24 16:15:29', 0),
(45, 'QuincyT', 'quincy.t@example.com', 'Xp3Hs2Vl', '2024-11-24 16:15:29', '2024-11-24 16:15:29', 0),
(46, 'RoseU', 'rose.u@example.com', 'Ue6Fv0Rm', '2024-11-24 16:15:29', '2024-11-24 16:15:29', 0),
(47, 'SeanV', 'sean.v@example.com', 'Jf1Yz4Tg', '2024-11-24 16:15:29', '2024-11-24 16:15:29', 0),
(48, 'TaraW', 'tara.w@example.com', 'Kl7VgX2r', '2024-11-24 16:15:29', '2024-11-24 16:15:29', 0),
(49, 'UrielX', 'uriel.x@example.com', 'Yw2Gb4Hs', '2024-11-24 16:15:29', '2024-11-24 16:15:29', 0),
(50, 'VickyY', 'vicky.y@example.com', 'Xb9Km0Lw', '2024-11-24 16:15:29', '2024-11-24 16:15:29', 0),
(51, 'WillZ', 'will.z@example.com', 'Sr8Gb4Qi', '2024-11-24 16:15:29', '2024-11-24 16:15:29', 0),
(52, 'XenaA', 'xena.a@example.com', 'Pw7Lo1Cj', '2024-11-24 16:15:29', '2024-11-24 16:15:29', 0),
(53, 'YaraB', 'yara.b@example.com', 'Re2Zo5Lk', '2024-11-24 16:15:29', '2024-11-24 16:15:29', 0),
(54, 'ZoeC', 'zoe.c@example.com', 'Jt8Ku3Xb', '2024-11-24 16:15:29', '2024-11-24 16:15:29', 0),
(55, 'AidenD', 'aiden.d@example.com', 'Ff7Vb3Tg', '2024-11-24 16:15:29', '2024-11-24 16:15:29', 0),
(56, 'BellaE', 'bella.e@example.com', 'Jk4Nr8H2', '2024-11-24 16:15:29', '2024-11-24 16:15:29', 0),
(57, 'ChaseF', 'chase.f@example.com', 'Oa3Tn6Rs', '2024-11-24 16:15:29', '2024-11-24 16:15:29', 0),
(58, 'DaphneG', 'daphne.g@example.com', 'Yk5Zf1Vz', '2024-11-24 16:15:29', '2024-11-24 16:15:29', 0),
(59, 'EliH', 'eli.h@example.com', 'Xb9Zs4Fw', '2024-11-24 16:15:29', '2024-11-24 16:15:29', 0),
(60, 'FionaI', 'fiona.i@example.com', 'Qp8Ry0Mn', '2024-11-24 16:15:29', '2024-11-24 16:15:29', 0),
(61, 'GeorgeJ', 'george.j@example.com', 'Ue5Nz1Hl', '2024-11-24 16:15:29', '2024-11-24 16:15:29', 0),
(62, 'HollyK', 'holly.k@example.com', 'Wr4Lx2Fp', '2024-11-24 16:15:29', '2024-11-24 16:15:29', 0),
(63, 'IrisL', 'iris.l@example.com', 'Kd2Qz8Vn', '2024-11-24 16:15:29', '2024-11-24 16:15:29', 0);

--
-- Indexes for dumped tables
--

--
-- Indexes for table `admin`
--
ALTER TABLE `admin`
  ADD PRIMARY KEY (`admin_id`);

--
-- Indexes for table `authors`
--
ALTER TABLE `authors`
  ADD PRIMARY KEY (`authors_id`);

--
-- Indexes for table `books`
--
ALTER TABLE `books`
  ADD PRIMARY KEY (`book_id`),
  ADD KEY `fk_publisher_id` (`publisher_id`),
  ADD KEY `fk_authors_id` (`authors_id`),
  ADD KEY `fk_category_id` (`category_id`);

--
-- Indexes for table `categories`
--
ALTER TABLE `categories`
  ADD PRIMARY KEY (`category_id`);

--
-- Indexes for table `publishers`
--
ALTER TABLE `publishers`
  ADD PRIMARY KEY (`publisher_id`);

--
-- Indexes for table `restocks`
--
ALTER TABLE `restocks`
  ADD PRIMARY KEY (`restock_id`),
  ADD KEY `supplier_id` (`supplier_id`),
  ADD KEY `admin_id` (`admin_id`);

--
-- Indexes for table `restock_details`
--
ALTER TABLE `restock_details`
  ADD PRIMARY KEY (`restock_detail_id`),
  ADD KEY `restock_id` (`restock_id`),
  ADD KEY `publisher_id` (`publisher_id`),
  ADD KEY `book_id` (`book_id`);

--
-- Indexes for table `sales`
--
ALTER TABLE `sales`
  ADD PRIMARY KEY (`sales_id`),
  ADD KEY `user_id` (`user_id`),
  ADD KEY `book_id` (`book_id`);

--
-- Indexes for table `suppliers`
--
ALTER TABLE `suppliers`
  ADD PRIMARY KEY (`supplier_id`);

--
-- Indexes for table `users`
--
ALTER TABLE `users`
  ADD PRIMARY KEY (`user_id`);

--
-- AUTO_INCREMENT for dumped tables
--

--
-- AUTO_INCREMENT for table `admin`
--
ALTER TABLE `admin`
  MODIFY `admin_id` int(11) NOT NULL AUTO_INCREMENT, AUTO_INCREMENT=2;

--
-- AUTO_INCREMENT for table `authors`
--
ALTER TABLE `authors`
  MODIFY `authors_id` int(11) NOT NULL AUTO_INCREMENT, AUTO_INCREMENT=28;

--
-- AUTO_INCREMENT for table `books`
--
ALTER TABLE `books`
  MODIFY `book_id` int(11) NOT NULL AUTO_INCREMENT, AUTO_INCREMENT=127;

--
-- AUTO_INCREMENT for table `categories`
--
ALTER TABLE `categories`
  MODIFY `category_id` int(11) NOT NULL AUTO_INCREMENT, AUTO_INCREMENT=8;

--
-- AUTO_INCREMENT for table `publishers`
--
ALTER TABLE `publishers`
  MODIFY `publisher_id` int(11) NOT NULL AUTO_INCREMENT, AUTO_INCREMENT=37;

--
-- AUTO_INCREMENT for table `restocks`
--
ALTER TABLE `restocks`
  MODIFY `restock_id` int(11) NOT NULL AUTO_INCREMENT, AUTO_INCREMENT=30;

--
-- AUTO_INCREMENT for table `restock_details`
--
ALTER TABLE `restock_details`
  MODIFY `restock_detail_id` int(11) NOT NULL AUTO_INCREMENT, AUTO_INCREMENT=34;

--
-- AUTO_INCREMENT for table `sales`
--
ALTER TABLE `sales`
  MODIFY `sales_id` int(11) NOT NULL AUTO_INCREMENT, AUTO_INCREMENT=4;

--
-- AUTO_INCREMENT for table `suppliers`
--
ALTER TABLE `suppliers`
  MODIFY `supplier_id` int(11) NOT NULL AUTO_INCREMENT, AUTO_INCREMENT=29;

--
-- AUTO_INCREMENT for table `users`
--
ALTER TABLE `users`
  MODIFY `user_id` int(11) NOT NULL AUTO_INCREMENT, AUTO_INCREMENT=64;

--
-- Constraints for dumped tables
--

--
-- Constraints for table `books`
--
ALTER TABLE `books`
  ADD CONSTRAINT `fk_authors_id` FOREIGN KEY (`authors_id`) REFERENCES `authors` (`authors_id`),
  ADD CONSTRAINT `fk_category_id` FOREIGN KEY (`category_id`) REFERENCES `categories` (`category_id`),
  ADD CONSTRAINT `fk_publisher_id` FOREIGN KEY (`publisher_id`) REFERENCES `publishers` (`publisher_id`);

--
-- Constraints for table `restocks`
--
ALTER TABLE `restocks`
  ADD CONSTRAINT `restocks_ibfk_2` FOREIGN KEY (`admin_id`) REFERENCES `admin` (`admin_id`),
  ADD CONSTRAINT `restocks_ibfk_3` FOREIGN KEY (`supplier_id`) REFERENCES `suppliers` (`supplier_id`);

--
-- Constraints for table `restock_details`
--
ALTER TABLE `restock_details`
  ADD CONSTRAINT `restock_details_ibfk_3` FOREIGN KEY (`publisher_id`) REFERENCES `publishers` (`publisher_id`),
  ADD CONSTRAINT `restock_details_ibfk_4` FOREIGN KEY (`restock_id`) REFERENCES `restocks` (`restock_id`),
  ADD CONSTRAINT `restock_details_ibfk_5` FOREIGN KEY (`book_id`) REFERENCES `books` (`book_id`);

--
-- Constraints for table `sales`
--
ALTER TABLE `sales`
  ADD CONSTRAINT `sales_ibfk_1` FOREIGN KEY (`user_id`) REFERENCES `users` (`user_id`),
  ADD CONSTRAINT `sales_ibfk_2` FOREIGN KEY (`book_id`) REFERENCES `books` (`book_id`);
COMMIT;

/*!40101 SET CHARACTER_SET_CLIENT=@OLD_CHARACTER_SET_CLIENT */;
/*!40101 SET CHARACTER_SET_RESULTS=@OLD_CHARACTER_SET_RESULTS */;
/*!40101 SET COLLATION_CONNECTION=@OLD_COLLATION_CONNECTION */;
